<?xml version="1.0" encoding="UTF-8"?>
<project-private xmlns="http://www.netbeans.org/ns/project-private/1">
    <editor-bookmarks xmlns="http://www.netbeans.org/ns/editor-bookmarks/2" lastBookmarkId="0"/>
    <open-files xmlns="http://www.netbeans.org/ns/projectui-open-files/2">
<<<<<<< HEAD
        <group/>
=======
        <group>
            <file>file:/C:/Users/u18300/Documents/GitHub/TCC-2019/Aplicação/ISlidee/src/classes/PowerPointHelper.java</file>
            <file>file:/C:/Users/u18300/Documents/GitHub/TCC-2019/Aplicação/ISlidee/src/classes/Utils.java</file>
        </group>
>>>>>>> 8d43fa333013e52eed83a910bcce2e9c23fe81ba
    </open-files>
</project-private>
